<?xml version="1.0" encoding="UTF-8"?>
<project-private xmlns="http://www.netbeans.org/ns/project-private/1">
    <editor-bookmarks xmlns="http://www.netbeans.org/ns/editor-bookmarks/2" lastBookmarkId="0"/>
    <open-files xmlns="http://www.netbeans.org/ns/projectui-open-files/2">
        <group>
            <file>file:/C:/Users/HP/OneDrive/Escritorio/ProyectoVentas/src/MenuPrincipal/Ventas.java</file>
            <file>file:/C:/Users/HP/OneDrive/Escritorio/ProyectoVentas/src/BD_Cliente/ModificarCliente.java</file>
            <file>file:/C:/Users/HP/OneDrive/Escritorio/ProyectoVentas/src/about/youtube-icon.png</file>
            <file>file:/C:/Users/HP/OneDrive/Escritorio/ProyectoVentas/src/Control_BD/Control_Vendedor.java</file>
            <file>file:/C:/Users/HP/OneDrive/Escritorio/ProyectoVentas/src/Control_BD/Limpiar.java</file>
            <file>file:/C:/Users/HP/OneDrive/Escritorio/ProyectoVentas/src/BD_Productos/EliminarProductos.java</file>
            <file>file:/C:/Users/HP/OneDrive/Escritorio/ProyectoVentas/src/BD_Vendedor/addVendedor.java</file>
            <file>file:/C:/Users/HP/OneDrive/Escritorio/ProyectoVentas/src/Control_BD/Generador.java</file>
            <file>file:/C:/Users/HP/OneDrive/Escritorio/ProyectoVentas/src/consultas/ConsultarVentas.java</file>
            <file>file:/C:/Users/HP/OneDrive/Escritorio/ProyectoVentas/src/BD_Cliente/ListarCliente.java</file>
            <file>file:/C:/Users/HP/OneDrive/Escritorio/ProyectoVentas/src/MenuPrincipal/MenuPrincipal.java</file>
            <file>file:/C:/Users/HP/OneDrive/Escritorio/ProyectoVentas/src/BD_Cliente/addCliente.java</file>
            <file>file:/C:/Users/HP/OneDrive/Escritorio/ProyectoVentas/src/consultas/ConsultarFacturas.java</file>
            <file>file:/C:/Users/HP/OneDrive/Escritorio/ProyectoVentas/src/BD_Vendedor/EliminarVendedor.java</file>
            <file>file:/C:/Users/HP/OneDrive/Escritorio/ProyectoVentas/src/BD_Vendedor/ListarVendedor.java</file>
            <file>file:/C:/Users/HP/OneDrive/Escritorio/ProyectoVentas/src/BD_Vendedor/ModificarVendedors.java</file>
            <file>file:/C:/Users/HP/OneDrive/Escritorio/ProyectoVentas/src/Control_BD/ConexionConBaseDatos.java</file>
            <file>file:/C:/Users/HP/OneDrive/Escritorio/ProyectoVentas/src/Control_BD/Control_Cliente.java</file>
            <file>file:/C:/Users/HP/OneDrive/Escritorio/ProyectoVentas/src/about/gugol.png</file>
            <file>file:/C:/Users/HP/OneDrive/Escritorio/ProyectoVentas/src/Control_BD/CerrarConexiones.java</file>
            <file>file:/C:/Users/HP/OneDrive/Escritorio/ProyectoVentas/src/about/About.java</file>
            <file>file:/C:/Users/HP/OneDrive/Escritorio/ProyectoVentas/src/about/SimpleFrame.java</file>
            <file>file:/C:/Users/HP/OneDrive/Escritorio/ProyectoVentas/src/Control_BD/Control_Consultas.java</file>
            <file>file:/C:/Users/HP/OneDrive/Escritorio/ProyectoVentas/src/consultas/MenuConsultas.java</file>
            <file>file:/C:/Users/HP/OneDrive/Escritorio/ProyectoVentas/src/Control_BD/Control_Productos.java</file>
            <file>file:/C:/Users/HP/OneDrive/Escritorio/ProyectoVentas/src/BD_Productos/addProductos.java</file>
            <file>file:/C:/Users/HP/OneDrive/Escritorio/ProyectoVentas/src/BD_Productos/ModificarProductos.java</file>
            <file>file:/C:/Users/HP/OneDrive/Escritorio/ProyectoVentas/src/consultas/Folder%20Documents%20Out%20(1).png</file>
            <file>file:/C:/Users/HP/OneDrive/Escritorio/ProyectoVentas/src/BD_Cliente/EliminarCliente.java</file>
            <file>file:/C:/Users/HP/OneDrive/Escritorio/ProyectoVentas/src/BD_Productos/ConsultarProductos.java</file>
        </group>
    </open-files>
</project-private>
